{
    "epoch": 12,
    "train": {
        "batch_count": 401,
        "l1_loss": 0.048699019105171326,
        "tv": 0.0044356819400169015,
        "grad_diff_loss": 0.007066261100506136,
        "ssim_loss": 0.118973358610919,
        "reproj_loss": 0.12288440985981365,
        "lp_loss": 0.011251232164686643,
        "total_loss": 0.07128369109588965
    },
    "validation": {
        "batch_count": 45,
        "l1_loss": 0.04829520179579656,
        "tv": 0.004805798000759549,
        "grad_diff_loss": 0.007234082195079989,
        "ssim_loss": 0.1225026806195577,
        "reproj_loss": 0.12311276843150457,
        "lp_loss": 0.011170663601822324,
        "total_loss": 0.0711705750061406
    }
}