{
    "epoch": 14,
    "train": {
        "batch_count": 1128,
        "l1_loss": 0.05125770889571868,
        "tv": 0.004299418934693574,
        "grad_diff_loss": 0.006774399545871825,
        "ssim_loss": 0.12058076695770237,
        "reproj_loss": 0.12550570422961832,
        "lp_loss": 0.011272839134507846,
        "total_loss": 0.07412197429055996
    },
    "validation": {
        "batch_count": 250,
        "l1_loss": 0.04913962087128312,
        "tv": 0.0041365647315979,
        "grad_diff_loss": 0.006858704607002437,
        "ssim_loss": 0.12040590310096741,
        "reproj_loss": 0.11968508363328874,
        "lp_loss": 0.01099004039168358,
        "total_loss": 0.07139435682818293
    }
}