{
    "epoch": 5,
    "train": {
        "batch_count": 601,
        "l1_loss": 0.04621939757953517,
        "tv": 0.004323155630051395,
        "grad_diff_loss": 0.006924082923714636,
        "ssim_loss": 0.11516913538566247,
        "reproj_loss": 0.12149659215709731,
        "lp_loss": 0.01080049041731472,
        "total_loss": 0.06834966427152248
    },
    "validation": {
        "batch_count": 67,
        "l1_loss": 0.047246321111417085,
        "tv": 0.004723933205675723,
        "grad_diff_loss": 0.006994492926898955,
        "ssim_loss": 0.1186188343745559,
        "reproj_loss": 0.12245126379959619,
        "lp_loss": 0.010883249325066138,
        "total_loss": 0.0697289611866225
    }
}