{
    "epoch": 5,
    "train": {
        "batch_count": 2256,
        "l1_loss": 0.049236704617782484,
        "tv": 0.004373512343100622,
        "grad_diff_loss": 0.006917833008603003,
        "ssim_loss": 0.11904559937034938,
        "reproj_loss": 0.12380925574524045,
        "lp_loss": 0.01110729576553014,
        "total_loss": 0.07186296477406913
    },
    "validation": {
        "batch_count": 250,
        "l1_loss": 0.04873340749833733,
        "tv": 0.004164594650268555,
        "grad_diff_loss": 0.006857353044208139,
        "ssim_loss": 0.11879927158355713,
        "reproj_loss": 0.11968686615303159,
        "lp_loss": 0.010918270183261483,
        "total_loss": 0.07088609075918793
    }
}