{
    "epoch": 9,
    "train": {
        "batch_count": 141,
        "l1_loss": 0.057697278262505716,
        "tv": 0.003610725943923842,
        "grad_diff_loss": 0.007125993130451187,
        "ssim_loss": 0.14026583931970257,
        "reproj_loss": 0.12446384713159385,
        "lp_loss": 0.01242352916416547,
        "total_loss": 0.08802330057988776
    },
    "validation": {
        "batch_count": 250,
        "l1_loss": 0.05497548414580524,
        "tv": 0.0034018778800964356,
        "grad_diff_loss": 0.007013594826683402,
        "ssim_loss": 0.13119873595237733,
        "reproj_loss": 0.11970067223533988,
        "lp_loss": 0.011867356846109033,
        "total_loss": 0.08394675693288446
    }
}