{
    "epoch": 30,
    "train_loss": 0.07039515901770857,
    "train_matsynth_loss": 0.07039515901770857,
    "train_skyrim_loss": 0.0,
    "val_loss": 0.2902275547385216,
    "val_matsynth_loss": 0.2902275547385216,
    "val_skyrim_loss": 0.0,
    "val_skyrim_confidence": 0.0,
    "per_class_loss": {
        "ceramic": 0.1511983424425125,
        "fabric": 0.7064963579177856,
        "ground": 0.3047959506511688,
        "leather": 0.6408360600471497,
        "metal": 0.1331690400838852,
        "stone": 0.19569247961044312,
        "wood": 0.03865174949169159
    },
    "IoU": {
        "ceramic": 0.8789279460906982,
        "fabric": 0.7530277371406555,
        "ground": 0.8447616100311279,
        "leather": 0.8235294222831726,
        "metal": 0.846595823764801,
        "stone": 0.8903234601020813,
        "wood": 0.9220961332321167
    },
    "mIoU": 0.8513231873512268
}