{
    "epoch": 44,
    "train": {
        "batch_count": 107
    },
    "validation": {
        "batch_count": 284
    },
    "unet_albedo": {
        "train": {
            "l1_loss": 0.036119288773597956,
            "total_loss": 0.04878593835039673,
            "ssim_loss": 0.043002558645801006,
            "lpips": 0.12432530814799193
        },
        "validation": {
            "l1_loss": 0.035766163594942064,
            "total_loss": 0.04854503328728319,
            "ssim_loss": 0.044397123053040305,
            "lpips": 0.12238601917846942
        }
    }
}