{
    "epoch": 44,
    "train": {
        "batch_count": 161
    },
    "validation": {
        "batch_count": 284
    },
    "unet_albedo": {
        "train": {
            "l1_loss": 0.03159652761420848,
            "total_loss": 0.04029890575579235,
            "ssim_loss": 0.030521282498140512,
            "lpips": 0.08248371070956592
        },
        "validation": {
            "l1_loss": 0.03207862203035661,
            "total_loss": 0.0412833993093596,
            "ssim_loss": 0.03377253257892501,
            "lpips": 0.08277794403929106
        }
    }
}