{
    "epoch": 44,
    "train": {
        "batch_count": 153
    },
    "validation": {
        "batch_count": 271
    },
    "unet_albedo": {
        "train": {
            "l1_loss": 0.02814158414995748,
            "total_loss": 0.03628776882306423,
            "ssim_loss": 0.028323384281856562,
            "lpips": 0.07795353684257837
        },
        "validation": {
            "l1_loss": 0.0322803806726618,
            "total_loss": 0.04111402681977162,
            "ssim_loss": 0.030649194638227625,
            "lpips": 0.08472533303405747
        }
    }
}