{
    "epoch": 2,
    "train": {
        "total_loss": 0.193853919898187,
        "batch_count": 719,
        "focal_loss": 0.04226042010848482,
        "dice": 0.8002279025291369
    },
    "validation": {
        "total_loss": 0.3776267156425315,
        "batch_count": 319,
        "focal_loss": 0.2704180602887065,
        "dice": 0.8064613103119184,
        "per_class_iou": {
            "fabric": 0.7512511385102121,
            "ground": 0.8233673776899065,
            "leather": 0.7884912181593057,
            "metal": 0.7272396753113364,
            "stone": 0.916850291175751,
            "wood": 0.8653859811806673
        },
        "mean_iou": 0.8120976136711965
    }
}