{
    "epoch": 4,
    "train": {
        "matsynth": {
            "total_loss": 0.0,
            "batch_count": 0
        },
        "skyrim": {
            "total_loss": 0.29040448098503724,
            "batch_count": 958,
            "per_class_loss": {
                "fabric": 0.3200838269879314,
                "ground": 0.20067153850274536,
                "leather": 0.33555247648549613,
                "metal": 0.2443019917574309,
                "stone": 0.10357732661729217,
                "wood": 0.15341833215646342
            },
            "focal_loss": 0.13131016498719078,
            "dice": 0.8039000241517523
        }
    },
    "validation": {
        "matsynth": {
            "total_loss": 0.0,
            "batch_count": 0
        },
        "skyrim": {
            "total_loss": 0.3825151633739845,
            "batch_count": 319,
            "per_class_loss": {
                "fabric": 1.011734111531489,
                "ground": 0.0723861819749479,
                "leather": 1.2968971104894924,
                "metal": 0.5673411710803785,
                "stone": 0.38263625721636463,
                "wood": 0.7522149539457772
            },
            "focal_loss": 0.3337261818249764,
            "dice": 0.8001710019515226,
            "per_class_iou": {
                "fabric": 0.7161511079259757,
                "ground": 0.9796779225854313,
                "leather": 0.610867164655668,
                "metal": 0.7644901450298281,
                "stone": 0.8400534573993059,
                "wood": 0.7543200806033349
            },
            "mean_iou": 0.7775933130332574
        }
    }
}