{
    "epoch": 3,
    "train_loss": 0.031791065781837026,
    "train_matsynth_loss": 0.023534817609322977,
    "train_skyrim_loss": 0.041281239249849624,
    "val_loss": 0.31911186478100717,
    "val_matsynth_loss": 0.31368587869219483,
    "val_skyrim_loss": 0.027129944786429404,
    "val_skyrim_confidence": 0.8882395829473223,
    "per_class_loss": {
        "ceramic": 0.262565016746521,
        "fabric": 0.6356189250946045,
        "ground": 0.37425971031188965,
        "leather": 1.2410407066345215,
        "metal": 0.2607930302619934,
        "stone": 0.10728026926517487,
        "wood": 0.023416830226778984
    },
    "IoU": {
        "ceramic": 0.878211259841919,
        "fabric": 0.837573230266571,
        "ground": 0.8859848380088806,
        "leather": 0.7647058963775635,
        "metal": 0.9066638350486755,
        "stone": 0.8999311923980713,
        "wood": 0.9442568421363831
    },
    "mIoU": 0.8739039301872253
}