{
    "epoch": 5,
    "train": {
        "batch_count": 655,
        "l1_loss": 0.0552029603935835,
        "edge_loss": 0.015480721569157967,
        "ssim_loss": 0.2140251982303066,
        "total_loss": 0.07892758915101299
    },
    "validation": {
        "batch_count": 73,
        "l1_loss": 0.064129353717786,
        "edge_loss": 0.015558288273184675,
        "ssim_loss": 0.23316465583566118,
        "total_loss": 0.08977956263578102
    }
}