{
    "epoch": 6,
    "train": {
        "batch_count": 3024,
        "l1_loss": 0.04519549313539679,
        "edge_loss": 0.013424753088440326,
        "ssim_loss": 0.1835984713225453,
        "total_loss": 0.06556905368490824
    },
    "validation": {
        "batch_count": 335,
        "l1_loss": 0.04696594662964344,
        "edge_loss": 0.014831796444521577,
        "ssim_loss": 0.18736880697421174,
        "total_loss": 0.0679275972796465
    }
}