{
    "epoch": 5,
    "train_loss": 0.12361923380779447,
    "train_matsynth_loss": 0.11214244197799048,
    "train_skyrim_loss": 0.05738395671893863,
    "val_loss": 0.3071461478919865,
    "val_matsynth_loss": 0.30019940794066385,
    "val_skyrim_loss": 0.034733709937567116,
    "val_skyrim_confidence": 0.8724624193631686,
    "per_class_loss": {
        "ceramic": 0.3085559606552124,
        "fabric": 0.676933765411377,
        "ground": 0.40879157185554504,
        "leather": 1.4172701835632324,
        "metal": 0.2750384211540222,
        "stone": 0.10753164440393448,
        "wood": 0.013287624344229698
    },
    "IoU": {
        "ceramic": 0.890048623085022,
        "fabric": 0.8485223650932312,
        "ground": 0.8781019449234009,
        "leather": 0.7647058963775635,
        "metal": 0.9235474467277527,
        "stone": 0.912813663482666,
        "wood": 0.9575292468070984
    },
    "mIoU": 0.8821813464164734
}