{
    "epoch": 6,
    "train": {
        "batch_count": 2876,
        "l1_loss": 0.042081421808182924,
        "edge_loss": 0.013674306987476521,
        "ssim_loss": 0.15316853258805413,
        "total_loss": 0.05944942153073195
    },
    "validation": {
        "batch_count": 319,
        "l1_loss": 0.0446600359674765,
        "edge_loss": 0.014461264411296963,
        "ssim_loss": 0.16536783013597925,
        "total_loss": 0.06336600910638661
    }
}