{
    "epoch": 8,
    "train": {
        "batch_count": 189,
        "l1_loss": 0.056124271608140104,
        "edge_loss": 0.014969920695182822,
        "ssim_loss": 0.21802260162969114,
        "total_loss": 0.08017202056747265
    },
    "validation": {
        "batch_count": 335,
        "l1_loss": 0.05199458238515836,
        "edge_loss": 0.015919270984995276,
        "ssim_loss": 0.22000445394373652,
        "total_loss": 0.07638291916184461
    }
}