{
    "epoch": 8,
    "train": {
        "batch_count": 82,
        "l1_loss": 0.06805912150842387,
        "edge_loss": 0.017129976552252364,
        "ssim_loss": 0.2563982315179778,
        "total_loss": 0.09626844207324632
    },
    "validation": {
        "batch_count": 10,
        "l1_loss": 0.08230068944394589,
        "edge_loss": 0.018441200908273458,
        "ssim_loss": 0.28185142278671266,
        "total_loss": 0.11325201392173767
    }
}