{
    "epoch": 9,
    "train": {
        "total_loss": 0.19682459452499945,
        "batch_count": 240,
        "focal_loss": 0.04261603214824087,
        "dice": 0.8136588265498479
    },
    "validation": {
        "total_loss": 0.35668745711679367,
        "batch_count": 319,
        "focal_loss": 0.24317317884302062,
        "dice": 0.8107445335313445,
        "per_class_iou": {
            "fabric": 0.6686292699212948,
            "ground": 0.858182760647365,
            "leather": 0.7867687131849027,
            "metal": 0.7265157179000588,
            "stone": 0.8802629481950724,
            "wood": 0.8596729795272285
        },
        "mean_iou": 0.796672064895987
    }
}