{
    "epoch": 13,
    "train": {
        "matsynth": {
            "total_loss": 0.0,
            "batch_count": 0
        },
        "skyrim": {
            "total_loss": 0.20858141155913473,
            "batch_count": 240,
            "per_class_loss": {
                "fabric": 0.236870988721329,
                "ground": 0.06662423847408235,
                "leather": 0.18787224817466228,
                "metal": 0.14034630660703326,
                "stone": 0.05649566200484703,
                "wood": 0.10852553084044268
            },
            "focal_loss": 0.08651481212727959,
            "dice": 0.8047065245608489
        }
    },
    "validation": {
        "matsynth": {
            "total_loss": 0.0,
            "batch_count": 0
        },
        "skyrim": {
            "total_loss": 0.3374151197206638,
            "batch_count": 319,
            "per_class_loss": {
                "fabric": 0.9669049661674037,
                "ground": 0.08539192911292262,
                "leather": 1.380194973666221,
                "metal": 0.6293243675558703,
                "stone": 0.35786422846528393,
                "wood": 0.7241002316586673
            },
            "focal_loss": 0.27782528541671225,
            "dice": 0.8027316324389466,
            "per_class_iou": {
                "fabric": 0.7297934940377646,
                "ground": 0.966106141314787,
                "leather": 0.5984576034339936,
                "metal": 0.738681776581312,
                "stone": 0.8415069352320539,
                "wood": 0.7551195539730273
            },
            "mean_iou": 0.771610917428823
        }
    }
}