{
    "epoch": 10,
    "train_loss": 0.32142848736710017,
    "train_matsynth_loss": 0.32142848736710017,
    "train_skyrim_loss": 0.0,
    "val_loss": 0.4429341435432434,
    "val_matsynth_loss": 0.4429341435432434,
    "val_skyrim_loss": 0.0,
    "val_skyrim_confidence": 0.0,
    "per_class_loss": {
        "ceramic": 0.12432543188333511,
        "fabric": 0.8040288090705872,
        "ground": 0.29878944158554077,
        "leather": 0.5680665969848633,
        "metal": 0.30655187368392944,
        "stone": 0.4625549614429474,
        "wood": 0.16072142124176025
    },
    "IoU": {
        "ceramic": 0.6598905920982361,
        "fabric": 0.6982603669166565,
        "ground": 0.8163002133369446,
        "leather": 0.5416666865348816,
        "metal": 0.6535215377807617,
        "stone": 0.7214015126228333,
        "wood": 0.9159618616104126
    },
    "mIoU": 0.715286135673523
}