{
    "epoch": 12,
    "train": {
        "batch_count": 219,
        "l1_loss": 0.06258294920194639,
        "edge_loss": 0.01636603883718519,
        "ssim_loss": 0.22907903014797054,
        "total_loss": 0.08794575866703029
    },
    "validation": {
        "batch_count": 25,
        "l1_loss": 0.06977831736207009,
        "edge_loss": 0.016831900514662265,
        "ssim_loss": 0.2482818078994751,
        "total_loss": 0.09713128417730331
    }
}