{
    "epoch": 9,
    "train": {
        "total_loss": 0.23092065783834126,
        "batch_count": 1154,
        "focal_loss": 0.0861393500889785,
        "dice": 0.810045868984748
    },
    "validation": {
        "total_loss": 0.25945270047911134,
        "batch_count": 384,
        "focal_loss": 0.12317358680235783,
        "dice": 0.8045691271157315,
        "per_class_iou": {
            "fabric": 0.8968888106534169,
            "ground": 0.9636464272226606,
            "leather": 0.8561622146832741,
            "metal": 0.8537875302272904,
            "stone": 0.938515389901625,
            "wood": 0.9352540743766703
        },
        "mean_iou": 0.9073757411774895
    }
}