{
    "epoch": 15,
    "train": {
        "batch_count": 641
    },
    "validation": {
        "batch_count": 284
    },
    "unet_albedo": {
        "train": {
            "l1_loss": 0.029764789952816624,
            "total_loss": 0.037886174917279185,
            "ssim_loss": 0.02745602497258536,
            "lpips": 0.08005961962915992
        },
        "validation": {
            "l1_loss": 0.02903555760251909,
            "total_loss": 0.03785607791636926,
            "ssim_loss": 0.03209510172756625,
            "lpips": 0.08012509538503496
        }
    }
}