{
    "epoch": 14,
    "train": {
        "batch_count": 611
    },
    "validation": {
        "batch_count": 271
    },
    "unet_albedo": {
        "train": {
            "l1_loss": 0.024558319902251765,
            "total_loss": 0.031227609790471397,
            "ssim_loss": 0.021534041179962906,
            "lpips": 0.06878367046567987
        },
        "validation": {
            "l1_loss": 0.02992293532298555,
            "total_loss": 0.037913441713005855,
            "ssim_loss": 0.027569273521099582,
            "lpips": 0.07710230461153376
        }
    }
}