{
    "epoch": 6,
    "train": {
        "batch_count": 321
    },
    "validation": {
        "batch_count": 284
    },
    "unet_albedo": {
        "train": {
            "l1_loss": 0.035203059572389936,
            "total_loss": 0.04705302970269202,
            "ssim_loss": 0.03846064590590765,
            "lpips": 0.12161745910889635
        },
        "validation": {
            "l1_loss": 0.03466584613795956,
            "total_loss": 0.04700808357578558,
            "ssim_loss": 0.04292124132035484,
            "lpips": 0.11808101696775518
        }
    }
}