{
    "epoch": 12,
    "train": {
        "batch_count": 1222
    },
    "validation": {
        "batch_count": 271
    },
    "unet_albedo": {
        "train": {
            "l1_loss": 0.020904177261757285,
            "total_loss": 0.026760657721103066,
            "ssim_loss": 0.01795038512607643,
            "lpips": 0.0632784509042098
        },
        "validation": {
            "l1_loss": 0.028477559519100012,
            "total_loss": 0.03601673479807113,
            "ssim_loss": 0.025999339744173733,
            "lpips": 0.0727854847488753
        }
    }
}