{
    "epoch": 11,
    "train": {
        "batch_count": 641
    },
    "validation": {
        "batch_count": 284
    },
    "unet_albedo": {
        "train": {
            "l1_loss": 0.028443279795278904,
            "total_loss": 0.03858961524404062,
            "ssim_loss": 0.03186658847722546,
            "lpips": 0.1073269371681392
        },
        "validation": {
            "l1_loss": 0.03356745329678951,
            "total_loss": 0.0446651750080235,
            "ssim_loss": 0.038229529076898604,
            "lpips": 0.1072658417405377
        }
    }
}