{
    "epoch": 13,
    "train": {
        "batch_count": 1281
    },
    "validation": {
        "batch_count": 284
    },
    "unet_albedo": {
        "train": {
            "l1_loss": 0.023927361487391333,
            "total_loss": 0.03070057000147701,
            "ssim_loss": 0.02152858624506704,
            "lpips": 0.07087840815492782
        },
        "validation": {
            "l1_loss": 0.027167194004787107,
            "total_loss": 0.035296696182471554,
            "ssim_loss": 0.02962402621625175,
            "lpips": 0.07371795791345583
        }
    }
}