{
    "epoch": 14,
    "train": {
        "batch_count": 437,
        "l1_loss": 0.05670156847745248,
        "edge_loss": 0.015734938860954013,
        "ssim_loss": 0.21168420107468314,
        "total_loss": 0.08023022992421343
    },
    "validation": {
        "batch_count": 49,
        "l1_loss": 0.06267274441007449,
        "edge_loss": 0.015918891658360253,
        "ssim_loss": 0.23327420317396827,
        "total_loss": 0.08838799785898656
    }
}