{
    "epoch": 5,
    "train": {
        "batch_count": 76,
        "l1_loss": 0.05787730599312406,
        "tv": 0.0033457781139173007,
        "grad_diff_loss": 0.007683924711799543,
        "ssim_loss": 0.1565420643279427,
        "reproj_loss": 0.12333609016710206,
        "lp_loss": 0.012909293983523784,
        "total_loss": 0.08918290109814782
    },
    "validation": {
        "batch_count": 9,
        "l1_loss": 0.05152841533223788,
        "tv": 0.004110442267523872,
        "grad_diff_loss": 0.007970189830909172,
        "ssim_loss": 0.1649712456597222,
        "reproj_loss": 0.11869616227017508,
        "lp_loss": 0.01214803403450383,
        "total_loss": 0.08268509142928654
    }
}