{
    "epoch": 5,
    "train": {
        "batch_count": 2876,
        "bce": 0.01451948096188825,
        "tversky": 0.6616178039105854,
        "l1_loss": 0.04593681848630142,
        "edge_loss": 0.0073726288769193045,
        "ssim_loss": 0.09514593207620613,
        "material_penalty": 0.017021897850884614,
        "total_loss": 0.2300350209451164
    },
    "validation": {
        "batch_count": 319,
        "bce": 0.017734660984922834,
        "tversky": 0.6853553433928108,
        "l1_loss": 0.054708575185171505,
        "edge_loss": 0.007693120617903533,
        "ssim_loss": 0.11360616332684939,
        "material_penalty": 0.022195754582917518,
        "total_loss": 0.24388676359052522
    }
}