{
    "epoch": 15,
    "train": {
        "batch_count": 1512,
        "l1_loss": 0.04757942521708116,
        "edge_loss": 0.014444607601189374,
        "ssim_loss": 0.1854930634772967,
        "total_loss": 0.0682954231521026
    },
    "validation": {
        "batch_count": 335,
        "l1_loss": 0.047438972785290495,
        "edge_loss": 0.014960822621499425,
        "ssim_loss": 0.18938524669675685,
        "total_loss": 0.06862162101402211
    }
}