{
    "epoch": 8,
    "train": {
        "batch_count": 2443
    },
    "validation": {
        "batch_count": 271
    },
    "unet_albedo": {
        "train": {
            "l1_loss": 0.019527863526417187,
            "total_loss": 0.025238591711396353,
            "ssim_loss": 0.01744805578320816,
            "lpips": 0.0618703936552991
        },
        "validation": {
            "l1_loss": 0.027838883500518725,
            "total_loss": 0.035313996555098086,
            "ssim_loss": 0.025888550105569987,
            "lpips": 0.07183660755133277
        }
    }
}