{
    "epoch": 6,
    "train": {
        "batch_count": 1281
    },
    "validation": {
        "batch_count": 284
    },
    "unet_albedo": {
        "train": {
            "l1_loss": 0.022803392319065415,
            "total_loss": 0.029374380337160187,
            "ssim_loss": 0.020831495965485645,
            "lpips": 0.06892526883756993
        },
        "validation": {
            "l1_loss": 0.027077861989415447,
            "total_loss": 0.03507761766438858,
            "ssim_loss": 0.029088100497151763,
            "lpips": 0.07273080669717312
        }
    }
}