{
    "epoch": 7,
    "train": {
        "batch_count": 2561
    },
    "validation": {
        "batch_count": 284
    },
    "unet_albedo": {
        "train": {
            "l1_loss": 0.02210852379378983,
            "total_loss": 0.0286571827585482,
            "ssim_loss": 0.020786043770003253,
            "lpips": 0.06861504522064604
        },
        "validation": {
            "l1_loss": 0.02682725380791325,
            "total_loss": 0.03480910802666675,
            "ssim_loss": 0.028986942180445497,
            "lpips": 0.07267625643674966
        }
    }
}