{
    "epoch": 2,
    "train": {
        "batch_count": 1281
    },
    "validation": {
        "batch_count": 284
    },
    "unet_albedo": {
        "train": {
            "l1_loss": 0.026131078457659013,
            "total_loss": 0.03564780587105082,
            "ssim_loss": 0.029653210690205774,
            "lpips": 0.10137491248792312
        },
        "validation": {
            "l1_loss": 0.033188419452619175,
            "total_loss": 0.04425266709729609,
            "ssim_loss": 0.038058420721913726,
            "lpips": 0.10710968535301656
        }
    }
}