{
    "epoch": 6,
    "train": {
        "batch_count": 2876,
        "l1_loss": 0.03951451030147122,
        "ssim_loss": 0.25069699497564446,
        "edge_loss": 0.01740402845705967,
        "total_loss": 0.07798926249285383
    },
    "validation": {
        "batch_count": 319,
        "l1_loss": 0.054591766038550454,
        "ssim_loss": 0.2736293938840071,
        "edge_loss": 0.017736312824514544,
        "total_loss": 0.09652299237463821
    }
}