{
    "epoch": 3,
    "train": {
        "total_loss": 0.23013508423960868,
        "batch_count": 959,
        "focal_loss": 0.08636051696154251,
        "dice": 0.8052333295034542
    },
    "validation": {
        "total_loss": 0.3761009675301728,
        "batch_count": 319,
        "focal_loss": 0.26880566365809233,
        "dice": 0.8052821383580893,
        "per_class_iou": {
            "fabric": 0.7545201253323328,
            "ground": 0.8439107147710664,
            "leather": 0.7893811584480347,
            "metal": 0.7031138815366295,
            "stone": 0.8906987953930044,
            "wood": 0.8641697023617657
        },
        "mean_iou": 0.8076323963071389
    }
}