{
    "epoch": 4,
    "train": {
        "matsynth": {
            "total_loss": 0.0,
            "batch_count": 0
        },
        "skyrim": {
            "total_loss": 0.206085622365079,
            "batch_count": 958,
            "per_class_loss": {
                "fabric": 0.2941348021486375,
                "ground": 0.17104941974254126,
                "leather": 0.32627524696614835,
                "metal": 0.24311369569736258,
                "stone": 0.09161545369597064,
                "wood": 0.1379497123138332
            },
            "focal_loss": 0.10737092394493195,
            "dice": 0.8021197823617056
        }
    },
    "validation": {
        "matsynth": {
            "total_loss": 0.0,
            "batch_count": 0
        },
        "skyrim": {
            "total_loss": 0.33252532383117556,
            "batch_count": 319,
            "per_class_loss": {
                "fabric": 1.016318890934243,
                "ground": 0.07194413938422632,
                "leather": 1.3193885675381596,
                "metal": 0.6031837456742316,
                "stone": 0.38128226333320503,
                "wood": 0.7368510529717982
            },
            "focal_loss": 0.33724776502178794,
            "dice": 0.8004285463345088,
            "per_class_iou": {
                "fabric": 0.7145854797943131,
                "ground": 0.9791510455748614,
                "leather": 0.6127229276157222,
                "metal": 0.7573019143113294,
                "stone": 0.8405111764297093,
                "wood": 0.753438456097178
            },
            "mean_iou": 0.7762851666371855
        }
    }
}