{
    "epoch": 1,
    "train_loss": 0.10711982986997458,
    "train_matsynth_loss": 0.09546046519749297,
    "train_skyrim_loss": 0.058296823904223354,
    "val_loss": 0.3064336330434554,
    "val_matsynth_loss": 0.30107274917001914,
    "val_skyrim_loss": 0.026804442658221187,
    "val_skyrim_confidence": 0.8865823012131911,
    "per_class_loss": {
        "ceramic": 0.3428700566291809,
        "fabric": 0.6644467115402222,
        "ground": 0.41549551486968994,
        "leather": 1.4115792512893677,
        "metal": 0.2937426269054413,
        "stone": 0.09101552516222,
        "wood": 0.020632663741707802
    },
    "IoU": {
        "ceramic": 0.8788758516311646,
        "fabric": 0.8379375338554382,
        "ground": 0.8750172257423401,
        "leather": 0.7647058963775635,
        "metal": 0.9231972694396973,
        "stone": 0.9097504615783691,
        "wood": 0.9529141187667847
    },
    "mIoU": 0.8774855732917786
}