{
    "epoch": 3,
    "train": {
        "total_loss": 0.21068282930396023,
        "batch_count": 959,
        "focal_loss": 0.06314357353838676,
        "dice": 0.8008398333480883
    },
    "validation": {
        "total_loss": 0.38717876755425173,
        "batch_count": 319,
        "focal_loss": 0.28298770794470757,
        "dice": 0.8039429819322305,
        "per_class_iou": {
            "fabric": 0.7540389592685397,
            "ground": 0.8707600576536996,
            "leather": 0.772466802473871,
            "metal": 0.7147850837660111,
            "stone": 0.9012716042028891,
            "wood": 0.8679727921702873
        },
        "mean_iou": 0.8135492165892163
    }
}