{
    "epoch": 23,
    "train": {
        "total_loss": 0.2331588626321819,
        "batch_count": 72,
        "focal_loss": 0.0832289734389633,
        "dice": 0.8328783909479777
    },
    "validation": {
        "total_loss": 0.31980884958023564,
        "batch_count": 319,
        "focal_loss": 0.19320786826617242,
        "dice": 0.8262127488384426,
        "per_class_iou": {
            "fabric": 0.6501657889512855,
            "ground": 0.7666500743145921,
            "leather": 0.6793040638062409,
            "metal": 0.6361949923654525,
            "stone": 0.8718363637322778,
            "wood": 0.8221038305955762
        },
        "mean_iou": 0.7377091856275708
    }
}