{
    "epoch": 29,
    "train": {
        "matsynth": {
            "total_loss": 0.0,
            "batch_count": 0
        },
        "skyrim": {
            "total_loss": 0.22309942108889422,
            "batch_count": 72,
            "per_class_loss": {
                "fabric": 0.20891087234485894,
                "ground": 0.1459855166736595,
                "leather": 0.37668145796550173,
                "metal": 0.19775726558226678,
                "stone": 0.09198845069881322,
                "wood": 0.1374379649932962
            },
            "focal_loss": 0.1309407684020698,
            "dice": 0.8323335068093406
        }
    },
    "validation": {
        "matsynth": {
            "total_loss": 0.0,
            "batch_count": 0
        },
        "skyrim": {
            "total_loss": 0.2984333354804583,
            "batch_count": 319,
            "per_class_loss": {
                "fabric": 1.0644992118552867,
                "ground": 0.1000697015757289,
                "leather": 1.4766337531050895,
                "metal": 0.6174322997373859,
                "stone": 0.3249184383397422,
                "wood": 0.6458122607286053
            },
            "focal_loss": 0.2321856229706238,
            "dice": 0.8154710434073564,
            "per_class_iou": {
                "fabric": 0.6533443310662456,
                "ground": 0.9676334296955782,
                "leather": 0.5452594544031166,
                "metal": 0.6992528876251913,
                "stone": 0.8067546342262938,
                "wood": 0.7477751770923162
            },
            "mean_iou": 0.7366699856847903
        }
    }
}