{
    "epoch": 5,
    "train": {
        "batch_count": 2124,
        "l1_loss": 0.04046067826791553,
        "tv": 0.0044807808793190665,
        "grad_diff_loss": 0.0071649358208212745,
        "ssim_loss": 0.09656885142829234,
        "reproj_loss": 0.1221106317025397,
        "lp_loss": 0.010160759961285818,
        "total_loss": 0.061542029276169245
    },
    "validation": {
        "batch_count": 236,
        "l1_loss": 0.04524298821737737,
        "tv": 0.004448063483647213,
        "grad_diff_loss": 0.007371480683243628,
        "ssim_loss": 0.10533847318867505,
        "reproj_loss": 0.1251553095348369,
        "lp_loss": 0.010826708132330075,
        "total_loss": 0.06727125256330217
    }
}