{
    "epoch": 9,
    "train": {
        "batch_count": 564,
        "l1_loss": 0.05530007800635558,
        "tv": 0.003951281520491796,
        "grad_diff_loss": 0.006945156193410991,
        "ssim_loss": 0.13132366781116378,
        "reproj_loss": 0.12371989482921278,
        "lp_loss": 0.01192886512008238,
        "total_loss": 0.08490373522492377
    },
    "validation": {
        "batch_count": 250,
        "l1_loss": 0.05378323687240481,
        "tv": 0.003744100570678711,
        "grad_diff_loss": 0.006903243544278666,
        "ssim_loss": 0.12348390245437622,
        "reproj_loss": 0.11970019325241446,
        "lp_loss": 0.011595355498604477,
        "total_loss": 0.08225729291141033
    }
}