{
    "epoch": 5,
    "train": {
        "batch_count": 201,
        "l1_loss": 0.05653532132024492,
        "tv": 0.003756580068104303,
        "grad_diff_loss": 0.0073420641716773535,
        "ssim_loss": 0.13719135166993782,
        "reproj_loss": 0.1224988949536091,
        "lp_loss": 0.012428800860392069,
        "total_loss": 0.08644542717073687
    },
    "validation": {
        "batch_count": 23,
        "l1_loss": 0.05170335790709309,
        "tv": 0.004855073016622792,
        "grad_diff_loss": 0.00773683348265679,
        "ssim_loss": 0.14816133094870526,
        "reproj_loss": 0.12261101506326509,
        "lp_loss": 0.01205784527827864,
        "total_loss": 0.08241598842584569
    }
}