{
    "epoch": 3,
    "train_loss": 0.0508752201915418,
    "train_matsynth_loss": 0.038557391690100154,
    "train_skyrim_loss": 0.06158914241851086,
    "val_loss": 0.2805726717980135,
    "val_matsynth_loss": 0.26697183308368994,
    "val_skyrim_loss": 0.06800417380318755,
    "val_skyrim_confidence": 0.9452005397705805,
    "per_class_loss": {
        "ceramic": 0.15883761644363403,
        "fabric": 0.6883082389831543,
        "ground": 0.34327471256256104,
        "leather": 0.723995566368103,
        "metal": 0.04032960906624794,
        "stone": 0.10819749534130096,
        "wood": 0.060316842049360275
    },
    "IoU": {
        "ceramic": 0.8994413614273071,
        "fabric": 0.8177508115768433,
        "ground": 0.8704631328582764,
        "leather": 0.7822811603546143,
        "metal": 0.8902747631072998,
        "stone": 0.9212636947631836,
        "wood": 0.9373518228530884
    },
    "mIoU": 0.8741181492805481
}