{
    "epoch": 3,
    "train": {
        "total_loss": 0.18984196738650402,
        "batch_count": 480,
        "focal_loss": 0.03568650400802653,
        "dice": 0.806463801736633
    },
    "validation": {
        "total_loss": 0.36210283816888417,
        "batch_count": 319,
        "focal_loss": 0.2511273762369816,
        "dice": 0.8060046567064841,
        "per_class_iou": {
            "fabric": 0.7536309607445247,
            "ground": 0.8273383078298399,
            "leather": 0.7915287502344712,
            "metal": 0.7034797109584515,
            "stone": 0.909248930913908,
            "wood": 0.8646983001947504
        },
        "mean_iou": 0.8083208268126576
    }
}