{
    "epoch": 12,
    "train": {
        "matsynth": {
            "total_loss": 0.0,
            "batch_count": 0
        },
        "skyrim": {
            "total_loss": 0.22035507668035265,
            "batch_count": 479,
            "per_class_loss": {
                "fabric": 0.2178882074428803,
                "ground": 0.10163629037446763,
                "leather": 0.20722624059275385,
                "metal": 0.2215864928665018,
                "stone": 0.06232171262884242,
                "wood": 0.11387233969255059
            },
            "focal_loss": 0.06191267426310293,
            "dice": 0.7938099654084207
        }
    },
    "validation": {
        "matsynth": {
            "total_loss": 0.0,
            "batch_count": 0
        },
        "skyrim": {
            "total_loss": 0.40648253243358157,
            "batch_count": 319,
            "per_class_loss": {
                "fabric": 1.0268601820520733,
                "ground": 0.31761540886809064,
                "leather": 1.2770500344440068,
                "metal": 0.5116552810338656,
                "stone": 0.3663677479144246,
                "wood": 0.7832316996624555
            },
            "focal_loss": 0.34210500747855493,
            "dice": 0.8009219840402514,
            "per_class_iou": {
                "fabric": 0.7118665950669758,
                "ground": 0.919285774230957,
                "leather": 0.6234789395877071,
                "metal": 0.7590237342895515,
                "stone": 0.8336358463957885,
                "wood": 0.7456213173502798
            },
            "mean_iou": 0.7654853678202099
        }
    }
}