{
    "epoch": 9,
    "train": {
        "batch_count": 756,
        "l1_loss": 0.05401714496738302,
        "edge_loss": 0.014833170539950804,
        "ssim_loss": 0.20175442375518657,
        "total_loss": 0.07641756336731964
    },
    "validation": {
        "batch_count": 335,
        "l1_loss": 0.04962414546188579,
        "edge_loss": 0.01548390881464219,
        "ssim_loss": 0.20218406275137146,
        "total_loss": 0.07216513839675419
    }
}